headline,publisher,published_date,article_url
Chinese AI model developer DeepSeek preps for IPO: What to know,Yahoo Finance Video,2026-07-14 20:57:29,https://finance.yahoo.com/video/chinese-ai-model-developer-deepseek-preps-for-ipo-what-to-know-205729630.html
New York enacts statewide moratorium on AI data center construction: A closer look,Yahoo Finance Video,2026-07-14 21:09:12,https://finance.yahoo.com/video/new-york-enacts-statewide-moratorium-on-ai-data-center-construction-a-closer-look-210912459.html
Can Shiba Inu Reach $1 by 2027? The Answer Will Blow Your Mind.,Motley Fool,2026-07-15 09:41:00,https://finance.yahoo.com/markets/crypto/articles/shiba-inu-reach-1-2027-094100756.html
The Stock Market Just Flashed a Clear Warning Sign. Here's What History Says Comes Next.,Motley Fool,2026-07-15 09:50:00,https://finance.yahoo.com/markets/stocks/articles/stock-market-just-flashed-clear-095000227.html
The Vanguard S&P 500 ETF Is a Great Investment. But Is It Safe?,Motley Fool,2026-07-15 09:56:00,https://finance.yahoo.com/markets/stocks/articles/vanguard-p-500-etf-great-095600029.html
"Bitcoin ETFs Are Seeing Massive Outflows, but the Price of HYPE Keeps Rising. Here's Why I'm Bullish on Hyperliquid.",Motley Fool,2026-07-15 10:00:00,https://finance.yahoo.com/markets/crypto/articles/bitcoin-etfs-seeing-massive-outflows-100000757.html
How Meta Platforms (META) Is Strengthening Its AI Infrastructure With Custom Chips and Massive Computing Expansion,Insider Monkey,2026-07-15 10:00:11,https://finance.yahoo.com/technology/ai/articles/meta-platforms-meta-strengthening-ai-100011718.html
Canadian startup that raised US$75 billion wants to show chip companies can build in Canada,Financial Post,2026-07-15 10:00:56,https://finance.yahoo.com/news/canadian-startup-raised-us-75-100056183.html
STMicroelectronics (ENXTPA:STMPA) Could Be 7% Undervalued On Its FocalPoint Deal,Simply Wall St.,2026-07-15 10:09:08,https://finance.yahoo.com/markets/stocks/articles/stmicroelectronics-enxtpa-stmpa-could-7-100908387.html
This Is the Most Expensive Stock Market in 26 Years. Should Investors Be Worried?,Motley Fool,2026-07-15 10:10:00,https://finance.yahoo.com/markets/stocks/articles/most-expensive-stock-market-26-101000049.html
